index,category
0,STYLE & BEAUTY
1,TRAVEL
2,TRAVEL
3,BUSINESS
4,STYLE & BEAUTY
5,TRAVEL
6,STYLE & BEAUTY
7,BUSINESS
8,STYLE & BEAUTY
9,STYLE & BEAUTY
10,BUSINESS
11,BUSINESS
12,BUSINESS
13,STYLE & BEAUTY
14,TRAVEL
15,TRAVEL
16,TRAVEL
17,STYLE & BEAUTY
18,BUSINESS
19,TRAVEL
20,STYLE & BEAUTY
21,STYLE & BEAUTY
22,TRAVEL
23,TRAVEL
24,TRAVEL
25,TRAVEL
26,BUSINESS
27,STYLE & BEAUTY
28,STYLE & BEAUTY
29,STYLE & BEAUTY
30,TRAVEL
31,STYLE & BEAUTY
32,BUSINESS
33,BUSINESS
34,BUSINESS
35,TRAVEL
36,TRAVEL
37,STYLE & BEAUTY
38,BUSINESS
39,STYLE & BEAUTY
40,STYLE & BEAUTY
41,BUSINESS
42,BUSINESS
43,TRAVEL
44,STYLE & BEAUTY
45,STYLE & BEAUTY
46,STYLE & BEAUTY
47,TRAVEL
48,TRAVEL
49,STYLE & BEAUTY
50,TRAVEL
51,BUSINESS
52,BUSINESS
53,TRAVEL
54,STYLE & BEAUTY
55,TRAVEL
56,BUSINESS
57,STYLE & BEAUTY
58,TRAVEL
59,STYLE & BEAUTY
60,TRAVEL
61,TRAVEL
62,BUSINESS
63,BUSINESS
64,TRAVEL
65,TRAVEL
66,STYLE & BEAUTY
67,STYLE & BEAUTY
68,STYLE & BEAUTY
69,STYLE & BEAUTY
70,TRAVEL
71,STYLE & BEAUTY
72,STYLE & BEAUTY
73,STYLE & BEAUTY
74,BUSINESS
75,BUSINESS
76,TRAVEL
77,BUSINESS
78,TRAVEL
79,BUSINESS
80,BUSINESS
81,BUSINESS
82,STYLE & BEAUTY
83,STYLE & BEAUTY
84,BUSINESS
85,BUSINESS
86,STYLE & BEAUTY
87,STYLE & BEAUTY
88,STYLE & BEAUTY
89,TRAVEL
90,BUSINESS
91,TRAVEL
92,BUSINESS
93,TRAVEL
94,BUSINESS
95,STYLE & BEAUTY
96,TRAVEL
97,STYLE & BEAUTY
98,TRAVEL
99,BUSINESS
100,TRAVEL
101,TRAVEL
102,TRAVEL
103,STYLE & BEAUTY
104,STYLE & BEAUTY
105,TRAVEL
106,BUSINESS
107,TRAVEL
108,BUSINESS
109,BUSINESS
110,STYLE & BEAUTY
111,BUSINESS
112,STYLE & BEAUTY
113,BUSINESS
114,TRAVEL
115,BUSINESS
116,TRAVEL
117,BUSINESS
118,BUSINESS
119,BUSINESS
120,STYLE & BEAUTY
121,STYLE & BEAUTY
122,STYLE & BEAUTY
123,TRAVEL
124,BUSINESS
125,STYLE & BEAUTY
126,STYLE & BEAUTY
127,TRAVEL
128,STYLE & BEAUTY
129,TRAVEL
130,BUSINESS
131,STYLE & BEAUTY
132,STYLE & BEAUTY
133,TRAVEL
134,TRAVEL
135,STYLE & BEAUTY
136,TRAVEL
137,STYLE & BEAUTY
138,STYLE & BEAUTY
139,STYLE & BEAUTY
140,STYLE & BEAUTY
141,TRAVEL
142,BUSINESS
143,STYLE & BEAUTY
144,BUSINESS
145,STYLE & BEAUTY
146,STYLE & BEAUTY
147,STYLE & BEAUTY
148,BUSINESS
149,TRAVEL
150,BUSINESS
151,TRAVEL
152,STYLE & BEAUTY
153,TRAVEL
154,TRAVEL
155,TRAVEL
156,STYLE & BEAUTY
157,TRAVEL
158,STYLE & BEAUTY
159,TRAVEL
160,TRAVEL
161,TRAVEL
162,BUSINESS
163,STYLE & BEAUTY
164,TRAVEL
165,STYLE & BEAUTY
166,BUSINESS
167,TRAVEL
168,BUSINESS
169,STYLE & BEAUTY
170,BUSINESS
171,TRAVEL
172,STYLE & BEAUTY
173,TRAVEL
174,BUSINESS
175,TRAVEL
176,BUSINESS
177,STYLE & BEAUTY
178,BUSINESS
179,TRAVEL
180,BUSINESS
181,TRAVEL
182,STYLE & BEAUTY
183,TRAVEL
184,STYLE & BEAUTY
185,STYLE & BEAUTY
186,TRAVEL
187,STYLE & BEAUTY
188,TRAVEL
189,STYLE & BEAUTY
190,BUSINESS
191,BUSINESS
192,TRAVEL
193,STYLE & BEAUTY
194,TRAVEL
195,TRAVEL
196,TRAVEL
197,TRAVEL
198,STYLE & BEAUTY
199,STYLE & BEAUTY
200,TRAVEL
201,STYLE & BEAUTY
202,TRAVEL
203,BUSINESS
204,BUSINESS
205,TRAVEL
206,TRAVEL
207,TRAVEL
208,STYLE & BEAUTY
209,BUSINESS
210,BUSINESS
211,STYLE & BEAUTY
212,TRAVEL
213,TRAVEL
214,TRAVEL
215,BUSINESS
216,STYLE & BEAUTY
217,TRAVEL
218,BUSINESS
219,STYLE & BEAUTY
220,STYLE & BEAUTY
221,BUSINESS
222,BUSINESS
223,BUSINESS
224,TRAVEL
225,STYLE & BEAUTY
226,TRAVEL
227,STYLE & BEAUTY
228,TRAVEL
229,BUSINESS
230,TRAVEL
231,TRAVEL
232,BUSINESS
233,STYLE & BEAUTY
234,TRAVEL
235,TRAVEL
236,STYLE & BEAUTY
237,BUSINESS
238,BUSINESS
239,TRAVEL
240,TRAVEL
241,TRAVEL
242,BUSINESS
243,BUSINESS
244,STYLE & BEAUTY
245,STYLE & BEAUTY
246,BUSINESS
247,TRAVEL
248,STYLE & BEAUTY
249,TRAVEL
250,TRAVEL
251,TRAVEL
252,TRAVEL
253,STYLE & BEAUTY
254,TRAVEL
255,TRAVEL
256,BUSINESS
257,TRAVEL
258,TRAVEL
259,BUSINESS
260,STYLE & BEAUTY
261,STYLE & BEAUTY
262,STYLE & BEAUTY
263,STYLE & BEAUTY
264,TRAVEL
265,TRAVEL
266,STYLE & BEAUTY
267,BUSINESS
268,TRAVEL
269,TRAVEL
270,STYLE & BEAUTY
271,TRAVEL
272,BUSINESS
273,STYLE & BEAUTY
274,STYLE & BEAUTY
275,TRAVEL
276,STYLE & BEAUTY
277,STYLE & BEAUTY
278,TRAVEL
279,TRAVEL
280,TRAVEL
281,STYLE & BEAUTY
282,STYLE & BEAUTY
283,STYLE & BEAUTY
284,BUSINESS
285,STYLE & BEAUTY
286,STYLE & BEAUTY
287,STYLE & BEAUTY
288,BUSINESS
289,TRAVEL
290,TRAVEL
291,TRAVEL
292,STYLE & BEAUTY
293,STYLE & BEAUTY
294,TRAVEL
295,TRAVEL
296,STYLE & BEAUTY
297,STYLE & BEAUTY
298,TRAVEL
299,STYLE & BEAUTY
300,TRAVEL
301,STYLE & BEAUTY
302,TRAVEL
303,TRAVEL
304,TRAVEL
305,TRAVEL
306,BUSINESS
307,TRAVEL
308,TRAVEL
309,TRAVEL
310,BUSINESS
311,BUSINESS
312,STYLE & BEAUTY
313,STYLE & BEAUTY
314,TRAVEL
315,STYLE & BEAUTY
316,STYLE & BEAUTY
317,STYLE & BEAUTY
318,STYLE & BEAUTY
319,TRAVEL
320,BUSINESS
321,STYLE & BEAUTY
322,BUSINESS
323,BUSINESS
324,BUSINESS
325,STYLE & BEAUTY
326,TRAVEL
327,STYLE & BEAUTY
328,BUSINESS
329,TRAVEL
330,STYLE & BEAUTY
331,TRAVEL
332,STYLE & BEAUTY
333,BUSINESS
334,STYLE & BEAUTY
335,STYLE & BEAUTY
336,BUSINESS
337,STYLE & BEAUTY
338,TRAVEL
339,STYLE & BEAUTY
340,STYLE & BEAUTY
341,STYLE & BEAUTY
342,BUSINESS
343,BUSINESS
344,STYLE & BEAUTY
345,TRAVEL
346,TRAVEL
347,STYLE & BEAUTY
348,TRAVEL
349,STYLE & BEAUTY
350,STYLE & BEAUTY
351,TRAVEL
352,TRAVEL
353,STYLE & BEAUTY
354,STYLE & BEAUTY
355,STYLE & BEAUTY
356,TRAVEL
357,TRAVEL
358,BUSINESS
359,STYLE & BEAUTY
360,TRAVEL
361,STYLE & BEAUTY
362,STYLE & BEAUTY
363,STYLE & BEAUTY
364,TRAVEL
365,TRAVEL
366,BUSINESS
367,TRAVEL
368,STYLE & BEAUTY
369,STYLE & BEAUTY
370,TRAVEL
371,BUSINESS
372,STYLE & BEAUTY
373,STYLE & BEAUTY
374,TRAVEL
375,TRAVEL
376,BUSINESS
377,TRAVEL
378,BUSINESS
379,BUSINESS
380,STYLE & BEAUTY
381,TRAVEL
382,TRAVEL
383,STYLE & BEAUTY
384,STYLE & BEAUTY
385,BUSINESS
386,STYLE & BEAUTY
387,BUSINESS
388,STYLE & BEAUTY
389,TRAVEL
390,STYLE & BEAUTY
391,BUSINESS
392,TRAVEL
393,TRAVEL
394,TRAVEL
395,BUSINESS
396,STYLE & BEAUTY
397,STYLE & BEAUTY
398,STYLE & BEAUTY
399,BUSINESS
400,TRAVEL
401,TRAVEL
402,TRAVEL
403,STYLE & BEAUTY
404,TRAVEL
405,TRAVEL
406,STYLE & BEAUTY
407,TRAVEL
408,TRAVEL
409,TRAVEL
410,STYLE & BEAUTY
411,TRAVEL
412,TRAVEL
413,TRAVEL
414,TRAVEL
415,BUSINESS
416,BUSINESS
417,TRAVEL
418,TRAVEL
419,BUSINESS
420,TRAVEL
421,BUSINESS
422,TRAVEL
423,TRAVEL
424,TRAVEL
425,STYLE & BEAUTY
426,BUSINESS
427,TRAVEL
428,BUSINESS
429,BUSINESS
430,BUSINESS
431,TRAVEL
432,TRAVEL
433,BUSINESS
434,STYLE & BEAUTY
435,TRAVEL
436,STYLE & BEAUTY
437,TRAVEL
438,TRAVEL
439,TRAVEL
440,BUSINESS
441,TRAVEL
442,TRAVEL
443,STYLE & BEAUTY
444,TRAVEL
445,BUSINESS
446,BUSINESS
447,TRAVEL
448,BUSINESS
449,TRAVEL
450,BUSINESS
451,TRAVEL
452,BUSINESS
453,BUSINESS
454,STYLE & BEAUTY
455,STYLE & BEAUTY
456,STYLE & BEAUTY
457,BUSINESS
458,TRAVEL
459,STYLE & BEAUTY
460,STYLE & BEAUTY
461,TRAVEL
462,STYLE & BEAUTY
463,BUSINESS
464,BUSINESS
465,TRAVEL
466,BUSINESS
467,STYLE & BEAUTY
468,TRAVEL
469,STYLE & BEAUTY
470,TRAVEL
471,TRAVEL
472,STYLE & BEAUTY
473,TRAVEL
474,STYLE & BEAUTY
475,TRAVEL
476,BUSINESS
477,BUSINESS
478,BUSINESS
479,STYLE & BEAUTY
480,STYLE & BEAUTY
481,STYLE & BEAUTY
482,STYLE & BEAUTY
483,STYLE & BEAUTY
484,BUSINESS
485,BUSINESS
486,BUSINESS
487,TRAVEL
488,TRAVEL
489,TRAVEL
490,STYLE & BEAUTY
491,TRAVEL
492,TRAVEL
493,TRAVEL
494,TRAVEL
495,STYLE & BEAUTY
496,STYLE & BEAUTY
497,TRAVEL
498,STYLE & BEAUTY
499,STYLE & BEAUTY
500,STYLE & BEAUTY
501,STYLE & BEAUTY
502,TRAVEL
503,TRAVEL
504,BUSINESS
505,BUSINESS
506,BUSINESS
507,TRAVEL
508,STYLE & BEAUTY
509,STYLE & BEAUTY
510,TRAVEL
511,BUSINESS
512,BUSINESS
513,STYLE & BEAUTY
514,TRAVEL
515,STYLE & BEAUTY
516,TRAVEL
517,BUSINESS
518,STYLE & BEAUTY
519,STYLE & BEAUTY
520,BUSINESS
521,STYLE & BEAUTY
522,TRAVEL
523,TRAVEL
524,BUSINESS
525,STYLE & BEAUTY
526,BUSINESS
527,TRAVEL
528,TRAVEL
529,STYLE & BEAUTY
530,STYLE & BEAUTY
531,TRAVEL
532,STYLE & BEAUTY
533,STYLE & BEAUTY
534,STYLE & BEAUTY
535,TRAVEL
536,STYLE & BEAUTY
537,STYLE & BEAUTY
538,STYLE & BEAUTY
539,STYLE & BEAUTY
540,BUSINESS
541,TRAVEL
542,STYLE & BEAUTY
543,STYLE & BEAUTY
544,TRAVEL
545,TRAVEL
546,TRAVEL
547,STYLE & BEAUTY
548,STYLE & BEAUTY
549,STYLE & BEAUTY
550,TRAVEL
551,TRAVEL
552,STYLE & BEAUTY
553,STYLE & BEAUTY
554,STYLE & BEAUTY
555,TRAVEL
556,BUSINESS
557,STYLE & BEAUTY
558,TRAVEL
559,BUSINESS
560,BUSINESS
561,STYLE & BEAUTY
562,STYLE & BEAUTY
563,TRAVEL
564,TRAVEL
565,TRAVEL
566,TRAVEL
567,BUSINESS
568,STYLE & BEAUTY
569,TRAVEL
570,STYLE & BEAUTY
571,BUSINESS
572,TRAVEL
573,TRAVEL
574,TRAVEL
575,TRAVEL
576,TRAVEL
577,STYLE & BEAUTY
578,TRAVEL
579,STYLE & BEAUTY
580,STYLE & BEAUTY
581,TRAVEL
582,STYLE & BEAUTY
583,TRAVEL
584,STYLE & BEAUTY
585,TRAVEL
586,TRAVEL
587,BUSINESS
588,TRAVEL
589,BUSINESS
590,BUSINESS
591,STYLE & BEAUTY
592,TRAVEL
593,STYLE & BEAUTY
594,TRAVEL
595,STYLE & BEAUTY
596,TRAVEL
597,TRAVEL
598,BUSINESS
599,STYLE & BEAUTY
600,TRAVEL
601,TRAVEL
602,BUSINESS
603,STYLE & BEAUTY
604,STYLE & BEAUTY
605,STYLE & BEAUTY
606,TRAVEL
607,BUSINESS
608,TRAVEL
609,STYLE & BEAUTY
610,TRAVEL
611,BUSINESS
612,STYLE & BEAUTY
613,TRAVEL
614,BUSINESS
615,BUSINESS
616,BUSINESS
617,TRAVEL
618,TRAVEL
619,STYLE & BEAUTY
620,TRAVEL
621,STYLE & BEAUTY
622,STYLE & BEAUTY
623,BUSINESS
624,STYLE & BEAUTY
625,STYLE & BEAUTY
626,STYLE & BEAUTY
627,TRAVEL
628,BUSINESS
629,STYLE & BEAUTY
630,STYLE & BEAUTY
631,TRAVEL
632,STYLE & BEAUTY
633,TRAVEL
634,TRAVEL
635,TRAVEL
636,BUSINESS
637,STYLE & BEAUTY
638,STYLE & BEAUTY
639,BUSINESS
640,STYLE & BEAUTY
641,STYLE & BEAUTY
642,STYLE & BEAUTY
643,BUSINESS
644,STYLE & BEAUTY
645,TRAVEL
646,TRAVEL
647,STYLE & BEAUTY
648,TRAVEL
649,BUSINESS
650,BUSINESS
651,TRAVEL
652,STYLE & BEAUTY
653,TRAVEL
654,BUSINESS
655,BUSINESS
656,TRAVEL
657,BUSINESS
658,TRAVEL
659,TRAVEL
660,TRAVEL
661,BUSINESS
662,TRAVEL
663,STYLE & BEAUTY
664,STYLE & BEAUTY
665,TRAVEL
666,STYLE & BEAUTY
667,BUSINESS
668,TRAVEL
669,BUSINESS
670,STYLE & BEAUTY
671,STYLE & BEAUTY
672,STYLE & BEAUTY
673,BUSINESS
674,TRAVEL
675,STYLE & BEAUTY
676,BUSINESS
677,STYLE & BEAUTY
678,BUSINESS
679,BUSINESS
680,TRAVEL
681,TRAVEL
682,TRAVEL
683,BUSINESS
684,TRAVEL
685,TRAVEL
686,STYLE & BEAUTY
687,BUSINESS
688,TRAVEL
689,TRAVEL
690,TRAVEL
691,STYLE & BEAUTY
692,BUSINESS
693,TRAVEL
694,TRAVEL
695,STYLE & BEAUTY
696,TRAVEL
697,BUSINESS
698,BUSINESS
699,STYLE & BEAUTY
700,BUSINESS
701,STYLE & BEAUTY
702,TRAVEL
703,STYLE & BEAUTY
704,TRAVEL
705,TRAVEL
706,BUSINESS
707,STYLE & BEAUTY
708,STYLE & BEAUTY
709,TRAVEL
710,BUSINESS
711,BUSINESS
712,STYLE & BEAUTY
713,STYLE & BEAUTY
714,BUSINESS
715,STYLE & BEAUTY
716,STYLE & BEAUTY
717,STYLE & BEAUTY
718,BUSINESS
719,TRAVEL
720,TRAVEL
721,BUSINESS
722,TRAVEL
723,TRAVEL
724,STYLE & BEAUTY
725,TRAVEL
726,BUSINESS
727,STYLE & BEAUTY
728,TRAVEL
729,TRAVEL
730,TRAVEL
731,TRAVEL
732,TRAVEL
733,BUSINESS
734,STYLE & BEAUTY
735,TRAVEL
736,TRAVEL
737,STYLE & BEAUTY
738,TRAVEL
739,TRAVEL
740,TRAVEL
741,TRAVEL
742,TRAVEL
743,TRAVEL
744,BUSINESS
745,TRAVEL
746,STYLE & BEAUTY
747,BUSINESS
748,TRAVEL
749,BUSINESS
750,STYLE & BEAUTY
751,TRAVEL
752,TRAVEL
753,BUSINESS
754,TRAVEL
755,STYLE & BEAUTY
756,STYLE & BEAUTY
757,TRAVEL
758,BUSINESS
759,STYLE & BEAUTY
760,TRAVEL
761,TRAVEL
762,STYLE & BEAUTY
763,TRAVEL
764,TRAVEL
765,STYLE & BEAUTY
766,STYLE & BEAUTY
767,TRAVEL
768,STYLE & BEAUTY
769,TRAVEL
770,TRAVEL
771,TRAVEL
772,TRAVEL
773,BUSINESS
774,BUSINESS
775,BUSINESS
776,BUSINESS
777,STYLE & BEAUTY
778,TRAVEL
779,BUSINESS
780,TRAVEL
781,TRAVEL
782,STYLE & BEAUTY
783,TRAVEL
784,BUSINESS
785,BUSINESS
786,TRAVEL
787,BUSINESS
788,TRAVEL
789,STYLE & BEAUTY
790,BUSINESS
791,BUSINESS
792,TRAVEL
793,STYLE & BEAUTY
794,TRAVEL
795,BUSINESS
796,STYLE & BEAUTY
797,STYLE & BEAUTY
798,TRAVEL
799,STYLE & BEAUTY
800,BUSINESS
801,BUSINESS
802,STYLE & BEAUTY
803,STYLE & BEAUTY
804,STYLE & BEAUTY
805,BUSINESS
806,BUSINESS
807,BUSINESS
808,STYLE & BEAUTY
809,STYLE & BEAUTY
810,BUSINESS
811,TRAVEL
812,BUSINESS
813,TRAVEL
814,BUSINESS
815,TRAVEL
816,STYLE & BEAUTY
817,TRAVEL
818,BUSINESS
819,STYLE & BEAUTY
820,TRAVEL
821,STYLE & BEAUTY
822,TRAVEL
823,BUSINESS
824,BUSINESS
825,TRAVEL
826,TRAVEL
827,BUSINESS
828,TRAVEL
829,BUSINESS
830,BUSINESS
831,STYLE & BEAUTY
832,TRAVEL
833,BUSINESS
834,STYLE & BEAUTY
835,BUSINESS
836,BUSINESS
837,BUSINESS
838,TRAVEL
839,BUSINESS
840,TRAVEL
841,TRAVEL
842,TRAVEL
843,TRAVEL
844,TRAVEL
845,STYLE & BEAUTY
846,BUSINESS
847,TRAVEL
848,STYLE & BEAUTY
849,STYLE & BEAUTY
850,BUSINESS
851,STYLE & BEAUTY
852,TRAVEL
853,STYLE & BEAUTY
854,BUSINESS
855,BUSINESS
856,BUSINESS
857,BUSINESS
858,STYLE & BEAUTY
859,STYLE & BEAUTY
860,STYLE & BEAUTY
861,TRAVEL
862,TRAVEL
863,STYLE & BEAUTY
864,BUSINESS
865,TRAVEL
866,TRAVEL
867,STYLE & BEAUTY
868,BUSINESS
869,STYLE & BEAUTY
870,BUSINESS
871,TRAVEL
872,TRAVEL
873,STYLE & BEAUTY
874,TRAVEL
875,TRAVEL
876,TRAVEL
877,STYLE & BEAUTY
878,BUSINESS
879,BUSINESS
880,TRAVEL
881,STYLE & BEAUTY
882,TRAVEL
883,TRAVEL
884,TRAVEL
885,TRAVEL
886,TRAVEL
887,TRAVEL
888,STYLE & BEAUTY
889,STYLE & BEAUTY
890,BUSINESS
891,TRAVEL
892,TRAVEL
893,STYLE & BEAUTY
894,TRAVEL
895,BUSINESS
896,STYLE & BEAUTY
897,STYLE & BEAUTY
898,TRAVEL
899,STYLE & BEAUTY
900,BUSINESS
901,BUSINESS
902,STYLE & BEAUTY
903,STYLE & BEAUTY
904,TRAVEL
905,TRAVEL
906,TRAVEL
907,STYLE & BEAUTY
908,BUSINESS
909,STYLE & BEAUTY
910,STYLE & BEAUTY
911,BUSINESS
912,TRAVEL
913,STYLE & BEAUTY
914,BUSINESS
915,TRAVEL
916,TRAVEL
917,STYLE & BEAUTY
918,STYLE & BEAUTY
919,TRAVEL
920,TRAVEL
921,TRAVEL
922,BUSINESS
923,TRAVEL
924,STYLE & BEAUTY
925,TRAVEL
926,STYLE & BEAUTY
927,TRAVEL
928,BUSINESS
929,BUSINESS
930,TRAVEL
931,STYLE & BEAUTY
932,STYLE & BEAUTY
933,STYLE & BEAUTY
934,STYLE & BEAUTY
935,STYLE & BEAUTY
936,TRAVEL
937,BUSINESS
938,TRAVEL
939,STYLE & BEAUTY
940,BUSINESS
941,TRAVEL
942,BUSINESS
943,STYLE & BEAUTY
944,STYLE & BEAUTY
945,STYLE & BEAUTY
946,BUSINESS
947,TRAVEL
948,TRAVEL
949,BUSINESS
950,STYLE & BEAUTY
951,STYLE & BEAUTY
952,STYLE & BEAUTY
953,STYLE & BEAUTY
954,STYLE & BEAUTY
955,BUSINESS
956,STYLE & BEAUTY
957,BUSINESS
958,BUSINESS
959,TRAVEL
960,STYLE & BEAUTY
961,TRAVEL
962,BUSINESS
963,TRAVEL
964,STYLE & BEAUTY
965,BUSINESS
966,TRAVEL
967,STYLE & BEAUTY
968,STYLE & BEAUTY
969,BUSINESS
970,TRAVEL
971,BUSINESS
972,TRAVEL
973,TRAVEL
974,TRAVEL
975,TRAVEL
976,STYLE & BEAUTY
977,BUSINESS
978,BUSINESS
979,TRAVEL
980,STYLE & BEAUTY
981,BUSINESS
982,BUSINESS
983,TRAVEL
984,STYLE & BEAUTY
985,TRAVEL
986,TRAVEL
987,STYLE & BEAUTY
988,STYLE & BEAUTY
989,STYLE & BEAUTY
990,BUSINESS
991,STYLE & BEAUTY
992,STYLE & BEAUTY
993,BUSINESS
994,TRAVEL
995,STYLE & BEAUTY
996,TRAVEL
997,TRAVEL
998,TRAVEL
999,TRAVEL
1000,TRAVEL
1001,BUSINESS
1002,TRAVEL
1003,TRAVEL
1004,STYLE & BEAUTY
1005,BUSINESS
1006,BUSINESS
1007,TRAVEL
1008,STYLE & BEAUTY
1009,BUSINESS
1010,BUSINESS
1011,TRAVEL
1012,TRAVEL
1013,TRAVEL
1014,TRAVEL
1015,STYLE & BEAUTY
1016,BUSINESS
1017,TRAVEL
1018,STYLE & BEAUTY
1019,STYLE & BEAUTY
1020,STYLE & BEAUTY
1021,STYLE & BEAUTY
1022,BUSINESS
1023,TRAVEL
1024,BUSINESS
1025,BUSINESS
1026,TRAVEL
1027,STYLE & BEAUTY
1028,TRAVEL
1029,STYLE & BEAUTY
1030,BUSINESS
1031,TRAVEL
1032,BUSINESS
1033,STYLE & BEAUTY
1034,STYLE & BEAUTY
1035,BUSINESS
1036,TRAVEL
1037,BUSINESS
1038,STYLE & BEAUTY
1039,STYLE & BEAUTY
1040,STYLE & BEAUTY
1041,TRAVEL
1042,STYLE & BEAUTY
1043,TRAVEL
1044,BUSINESS
1045,BUSINESS
1046,TRAVEL
1047,TRAVEL
1048,STYLE & BEAUTY
1049,TRAVEL
1050,TRAVEL
1051,STYLE & BEAUTY
1052,STYLE & BEAUTY
1053,STYLE & BEAUTY
1054,BUSINESS
1055,BUSINESS
1056,STYLE & BEAUTY
1057,STYLE & BEAUTY
1058,TRAVEL
1059,STYLE & BEAUTY
1060,STYLE & BEAUTY
1061,TRAVEL
1062,TRAVEL
1063,BUSINESS
1064,STYLE & BEAUTY
1065,STYLE & BEAUTY
1066,TRAVEL
1067,STYLE & BEAUTY
1068,BUSINESS
1069,TRAVEL
1070,STYLE & BEAUTY
1071,STYLE & BEAUTY
1072,TRAVEL
1073,BUSINESS
1074,TRAVEL
1075,TRAVEL
1076,BUSINESS
1077,TRAVEL
1078,TRAVEL
1079,STYLE & BEAUTY
1080,TRAVEL
1081,TRAVEL
1082,STYLE & BEAUTY
1083,BUSINESS
1084,BUSINESS
1085,STYLE & BEAUTY
1086,STYLE & BEAUTY
1087,TRAVEL
1088,TRAVEL
1089,TRAVEL
1090,BUSINESS
1091,STYLE & BEAUTY
1092,STYLE & BEAUTY
1093,TRAVEL
1094,STYLE & BEAUTY
1095,TRAVEL
1096,STYLE & BEAUTY
1097,TRAVEL
1098,STYLE & BEAUTY
1099,TRAVEL
1100,TRAVEL
1101,TRAVEL
1102,STYLE & BEAUTY
1103,TRAVEL
1104,STYLE & BEAUTY
1105,TRAVEL
1106,TRAVEL
1107,TRAVEL
1108,BUSINESS
1109,STYLE & BEAUTY
1110,BUSINESS
1111,TRAVEL
1112,STYLE & BEAUTY
1113,STYLE & BEAUTY
1114,STYLE & BEAUTY
1115,TRAVEL
1116,BUSINESS
1117,BUSINESS
1118,BUSINESS
1119,BUSINESS
1120,BUSINESS
1121,BUSINESS
1122,TRAVEL
1123,STYLE & BEAUTY
1124,TRAVEL
1125,TRAVEL
1126,TRAVEL
1127,BUSINESS
1128,TRAVEL
1129,TRAVEL
1130,STYLE & BEAUTY
1131,TRAVEL
1132,TRAVEL
1133,TRAVEL
1134,STYLE & BEAUTY
1135,TRAVEL
1136,TRAVEL
1137,STYLE & BEAUTY
1138,BUSINESS
1139,TRAVEL
1140,STYLE & BEAUTY
1141,STYLE & BEAUTY
1142,BUSINESS
1143,BUSINESS
1144,STYLE & BEAUTY
1145,TRAVEL
1146,STYLE & BEAUTY
1147,TRAVEL
1148,STYLE & BEAUTY
1149,BUSINESS
1150,TRAVEL
1151,BUSINESS
1152,BUSINESS
1153,STYLE & BEAUTY
1154,TRAVEL
1155,BUSINESS
1156,STYLE & BEAUTY
1157,TRAVEL
1158,TRAVEL
1159,STYLE & BEAUTY
1160,BUSINESS
1161,TRAVEL
1162,TRAVEL
1163,TRAVEL
1164,TRAVEL
1165,TRAVEL
1166,STYLE & BEAUTY
1167,TRAVEL
1168,STYLE & BEAUTY
1169,BUSINESS
1170,TRAVEL
1171,BUSINESS
1172,STYLE & BEAUTY
1173,BUSINESS
1174,STYLE & BEAUTY
1175,BUSINESS
1176,TRAVEL
1177,TRAVEL
1178,TRAVEL
1179,STYLE & BEAUTY
1180,TRAVEL
1181,STYLE & BEAUTY
1182,BUSINESS
1183,BUSINESS
1184,TRAVEL
1185,STYLE & BEAUTY
1186,TRAVEL
1187,TRAVEL
1188,STYLE & BEAUTY
1189,STYLE & BEAUTY
1190,BUSINESS
1191,TRAVEL
1192,TRAVEL
1193,TRAVEL
1194,STYLE & BEAUTY
1195,STYLE & BEAUTY
1196,TRAVEL
1197,STYLE & BEAUTY
1198,BUSINESS
1199,TRAVEL
1200,TRAVEL
1201,TRAVEL
1202,TRAVEL
1203,BUSINESS
1204,TRAVEL
1205,TRAVEL
1206,STYLE & BEAUTY
1207,TRAVEL
1208,TRAVEL
1209,STYLE & BEAUTY
1210,TRAVEL
1211,STYLE & BEAUTY
1212,STYLE & BEAUTY
1213,STYLE & BEAUTY
1214,STYLE & BEAUTY
1215,STYLE & BEAUTY
1216,TRAVEL
1217,STYLE & BEAUTY
1218,TRAVEL
1219,TRAVEL
1220,BUSINESS
1221,TRAVEL
1222,TRAVEL
1223,STYLE & BEAUTY
1224,STYLE & BEAUTY
1225,TRAVEL
1226,TRAVEL
1227,STYLE & BEAUTY
1228,TRAVEL
1229,STYLE & BEAUTY
1230,BUSINESS
1231,STYLE & BEAUTY
1232,STYLE & BEAUTY
1233,BUSINESS
1234,STYLE & BEAUTY
1235,STYLE & BEAUTY
1236,BUSINESS
1237,STYLE & BEAUTY
1238,TRAVEL
1239,STYLE & BEAUTY
1240,TRAVEL
1241,STYLE & BEAUTY
1242,TRAVEL
1243,BUSINESS
1244,STYLE & BEAUTY
1245,STYLE & BEAUTY
1246,STYLE & BEAUTY
1247,STYLE & BEAUTY
1248,BUSINESS
1249,BUSINESS
1250,STYLE & BEAUTY
1251,TRAVEL
1252,TRAVEL
1253,STYLE & BEAUTY
1254,STYLE & BEAUTY
1255,TRAVEL
1256,BUSINESS
1257,BUSINESS
1258,STYLE & BEAUTY
1259,STYLE & BEAUTY
1260,BUSINESS
1261,TRAVEL
1262,TRAVEL
1263,TRAVEL
1264,TRAVEL
1265,TRAVEL
1266,TRAVEL
1267,TRAVEL
1268,BUSINESS
1269,STYLE & BEAUTY
1270,BUSINESS
1271,STYLE & BEAUTY
1272,STYLE & BEAUTY
1273,TRAVEL
1274,TRAVEL
1275,STYLE & BEAUTY
1276,TRAVEL
1277,BUSINESS
1278,STYLE & BEAUTY
1279,TRAVEL
1280,TRAVEL
1281,BUSINESS
1282,STYLE & BEAUTY
1283,BUSINESS
1284,BUSINESS
1285,STYLE & BEAUTY
1286,STYLE & BEAUTY
1287,BUSINESS
1288,BUSINESS
1289,BUSINESS
1290,STYLE & BEAUTY
1291,TRAVEL
1292,TRAVEL
1293,TRAVEL
1294,STYLE & BEAUTY
1295,STYLE & BEAUTY
1296,BUSINESS
1297,TRAVEL
1298,STYLE & BEAUTY
1299,TRAVEL
1300,STYLE & BEAUTY
1301,TRAVEL
1302,STYLE & BEAUTY
1303,STYLE & BEAUTY
1304,STYLE & BEAUTY
1305,TRAVEL
1306,BUSINESS
1307,BUSINESS
1308,TRAVEL
1309,TRAVEL
1310,STYLE & BEAUTY
1311,TRAVEL
1312,TRAVEL
1313,BUSINESS
1314,BUSINESS
1315,BUSINESS
1316,STYLE & BEAUTY
1317,BUSINESS
1318,TRAVEL
1319,STYLE & BEAUTY
1320,STYLE & BEAUTY
1321,STYLE & BEAUTY
1322,STYLE & BEAUTY
1323,TRAVEL
1324,STYLE & BEAUTY
1325,TRAVEL
1326,STYLE & BEAUTY
1327,STYLE & BEAUTY
1328,STYLE & BEAUTY
1329,TRAVEL
1330,BUSINESS
1331,STYLE & BEAUTY
1332,STYLE & BEAUTY
1333,TRAVEL
1334,STYLE & BEAUTY
1335,STYLE & BEAUTY
1336,BUSINESS
1337,TRAVEL
1338,STYLE & BEAUTY
1339,STYLE & BEAUTY
1340,STYLE & BEAUTY
1341,TRAVEL
1342,STYLE & BEAUTY
1343,BUSINESS
1344,BUSINESS
1345,STYLE & BEAUTY
1346,BUSINESS
1347,TRAVEL
1348,TRAVEL
1349,TRAVEL
1350,TRAVEL
1351,BUSINESS
1352,STYLE & BEAUTY
1353,STYLE & BEAUTY
1354,STYLE & BEAUTY
1355,STYLE & BEAUTY
1356,TRAVEL
1357,STYLE & BEAUTY
1358,TRAVEL
1359,STYLE & BEAUTY
1360,STYLE & BEAUTY
1361,STYLE & BEAUTY
1362,TRAVEL
1363,STYLE & BEAUTY
1364,TRAVEL
1365,STYLE & BEAUTY
1366,STYLE & BEAUTY
1367,STYLE & BEAUTY
1368,TRAVEL
1369,STYLE & BEAUTY
1370,TRAVEL
1371,TRAVEL
1372,TRAVEL
1373,STYLE & BEAUTY
1374,TRAVEL
1375,STYLE & BEAUTY
1376,STYLE & BEAUTY
1377,BUSINESS
1378,TRAVEL
1379,STYLE & BEAUTY
1380,STYLE & BEAUTY
1381,BUSINESS
1382,BUSINESS
1383,STYLE & BEAUTY
1384,TRAVEL
1385,BUSINESS
1386,STYLE & BEAUTY
1387,STYLE & BEAUTY
1388,TRAVEL
1389,STYLE & BEAUTY
1390,STYLE & BEAUTY
1391,BUSINESS
1392,TRAVEL
1393,STYLE & BEAUTY
1394,STYLE & BEAUTY
1395,BUSINESS
1396,TRAVEL
1397,STYLE & BEAUTY
1398,TRAVEL
1399,BUSINESS
1400,STYLE & BEAUTY
1401,STYLE & BEAUTY
1402,BUSINESS
1403,BUSINESS
1404,TRAVEL
1405,TRAVEL
1406,BUSINESS
1407,BUSINESS
1408,TRAVEL
1409,STYLE & BEAUTY
1410,TRAVEL
1411,STYLE & BEAUTY
1412,STYLE & BEAUTY
1413,BUSINESS
1414,STYLE & BEAUTY
1415,STYLE & BEAUTY
1416,STYLE & BEAUTY
1417,TRAVEL
1418,STYLE & BEAUTY
1419,BUSINESS
1420,STYLE & BEAUTY
1421,TRAVEL
1422,TRAVEL
1423,TRAVEL
1424,BUSINESS
1425,TRAVEL
1426,STYLE & BEAUTY
1427,TRAVEL
1428,STYLE & BEAUTY
1429,BUSINESS
1430,TRAVEL
1431,TRAVEL
1432,TRAVEL
1433,STYLE & BEAUTY
1434,STYLE & BEAUTY
1435,TRAVEL
1436,STYLE & BEAUTY
1437,TRAVEL
1438,TRAVEL
1439,BUSINESS
1440,STYLE & BEAUTY
1441,BUSINESS
1442,STYLE & BEAUTY
1443,STYLE & BEAUTY
1444,STYLE & BEAUTY
1445,STYLE & BEAUTY
1446,TRAVEL
1447,TRAVEL
1448,STYLE & BEAUTY
1449,STYLE & BEAUTY
1450,STYLE & BEAUTY
1451,TRAVEL
1452,STYLE & BEAUTY
1453,TRAVEL
1454,BUSINESS
1455,TRAVEL
1456,TRAVEL
1457,BUSINESS
1458,TRAVEL
1459,STYLE & BEAUTY
1460,TRAVEL
1461,BUSINESS
1462,TRAVEL
1463,BUSINESS
1464,TRAVEL
1465,STYLE & BEAUTY
1466,STYLE & BEAUTY
1467,STYLE & BEAUTY
1468,TRAVEL
1469,TRAVEL
1470,BUSINESS
1471,BUSINESS
1472,TRAVEL
1473,BUSINESS
1474,TRAVEL
1475,STYLE & BEAUTY
1476,TRAVEL
1477,TRAVEL
1478,TRAVEL
1479,TRAVEL
1480,TRAVEL
1481,BUSINESS
1482,BUSINESS
1483,BUSINESS
1484,TRAVEL
1485,BUSINESS
1486,TRAVEL
1487,TRAVEL
1488,STYLE & BEAUTY
1489,BUSINESS
1490,BUSINESS
1491,TRAVEL
1492,STYLE & BEAUTY
1493,STYLE & BEAUTY
1494,BUSINESS
1495,TRAVEL
1496,TRAVEL
1497,TRAVEL
1498,STYLE & BEAUTY
1499,STYLE & BEAUTY
1500,TRAVEL
1501,BUSINESS
1502,STYLE & BEAUTY
1503,TRAVEL
1504,TRAVEL
1505,BUSINESS
1506,BUSINESS
1507,STYLE & BEAUTY
1508,STYLE & BEAUTY
1509,STYLE & BEAUTY
1510,TRAVEL
1511,STYLE & BEAUTY
1512,STYLE & BEAUTY
1513,TRAVEL
1514,TRAVEL
1515,TRAVEL
1516,TRAVEL
1517,STYLE & BEAUTY
1518,TRAVEL
1519,TRAVEL
1520,STYLE & BEAUTY
1521,TRAVEL
1522,BUSINESS
1523,TRAVEL
1524,TRAVEL
1525,STYLE & BEAUTY
1526,TRAVEL
1527,STYLE & BEAUTY
1528,STYLE & BEAUTY
1529,TRAVEL
1530,BUSINESS
1531,STYLE & BEAUTY
1532,STYLE & BEAUTY
1533,BUSINESS
1534,BUSINESS
1535,STYLE & BEAUTY
1536,BUSINESS
1537,STYLE & BEAUTY
1538,TRAVEL
1539,TRAVEL
1540,STYLE & BEAUTY
1541,TRAVEL
1542,TRAVEL
1543,TRAVEL
1544,BUSINESS
1545,STYLE & BEAUTY
1546,TRAVEL
1547,STYLE & BEAUTY
1548,STYLE & BEAUTY
1549,TRAVEL
1550,BUSINESS
1551,TRAVEL
1552,STYLE & BEAUTY
1553,TRAVEL
1554,TRAVEL
1555,STYLE & BEAUTY
1556,TRAVEL
1557,BUSINESS
1558,TRAVEL
1559,TRAVEL
1560,STYLE & BEAUTY
1561,STYLE & BEAUTY
1562,STYLE & BEAUTY
1563,TRAVEL
1564,TRAVEL
1565,BUSINESS
1566,STYLE & BEAUTY
1567,TRAVEL
1568,TRAVEL
1569,TRAVEL
1570,BUSINESS
1571,STYLE & BEAUTY
1572,BUSINESS
1573,TRAVEL
1574,BUSINESS
1575,STYLE & BEAUTY
1576,STYLE & BEAUTY
1577,TRAVEL
1578,STYLE & BEAUTY
1579,BUSINESS
1580,STYLE & BEAUTY
1581,TRAVEL
1582,TRAVEL
1583,STYLE & BEAUTY
1584,TRAVEL
1585,TRAVEL
1586,TRAVEL
1587,STYLE & BEAUTY
1588,TRAVEL
1589,STYLE & BEAUTY
1590,STYLE & BEAUTY
1591,TRAVEL
1592,STYLE & BEAUTY
1593,STYLE & BEAUTY
1594,BUSINESS
1595,BUSINESS
1596,BUSINESS
1597,STYLE & BEAUTY
1598,TRAVEL
1599,TRAVEL
1600,TRAVEL
1601,STYLE & BEAUTY
1602,BUSINESS
1603,TRAVEL
1604,TRAVEL
1605,STYLE & BEAUTY
1606,TRAVEL
1607,STYLE & BEAUTY
1608,BUSINESS
1609,TRAVEL
1610,BUSINESS
1611,TRAVEL
1612,TRAVEL
1613,TRAVEL
1614,TRAVEL
1615,STYLE & BEAUTY
1616,BUSINESS
1617,TRAVEL
1618,BUSINESS
1619,STYLE & BEAUTY
1620,TRAVEL
1621,BUSINESS
1622,BUSINESS
1623,STYLE & BEAUTY
1624,STYLE & BEAUTY
1625,TRAVEL
1626,TRAVEL
1627,STYLE & BEAUTY
1628,BUSINESS
1629,STYLE & BEAUTY
1630,TRAVEL
1631,STYLE & BEAUTY
1632,STYLE & BEAUTY
1633,TRAVEL
1634,TRAVEL
1635,TRAVEL
1636,STYLE & BEAUTY
1637,BUSINESS
1638,STYLE & BEAUTY
1639,STYLE & BEAUTY
1640,BUSINESS
1641,TRAVEL
1642,TRAVEL
1643,TRAVEL
1644,TRAVEL
1645,STYLE & BEAUTY
1646,STYLE & BEAUTY
1647,BUSINESS
1648,TRAVEL
1649,TRAVEL
1650,TRAVEL
1651,TRAVEL
1652,BUSINESS
1653,STYLE & BEAUTY
1654,STYLE & BEAUTY
1655,TRAVEL
1656,STYLE & BEAUTY
1657,TRAVEL
1658,TRAVEL
1659,TRAVEL
1660,STYLE & BEAUTY
1661,TRAVEL
1662,TRAVEL
1663,TRAVEL
1664,TRAVEL
1665,STYLE & BEAUTY
1666,STYLE & BEAUTY
1667,TRAVEL
1668,TRAVEL
1669,BUSINESS
1670,TRAVEL
1671,TRAVEL
1672,STYLE & BEAUTY
1673,STYLE & BEAUTY
1674,STYLE & BEAUTY
1675,BUSINESS
1676,BUSINESS
1677,BUSINESS
1678,STYLE & BEAUTY
1679,STYLE & BEAUTY
1680,STYLE & BEAUTY
1681,TRAVEL
1682,STYLE & BEAUTY
1683,BUSINESS
1684,TRAVEL
1685,TRAVEL
1686,TRAVEL
1687,TRAVEL
1688,STYLE & BEAUTY
1689,TRAVEL
1690,BUSINESS
1691,STYLE & BEAUTY
1692,TRAVEL
1693,STYLE & BEAUTY
1694,TRAVEL
1695,TRAVEL
1696,STYLE & BEAUTY
1697,TRAVEL
1698,STYLE & BEAUTY
1699,STYLE & BEAUTY
1700,STYLE & BEAUTY
1701,TRAVEL
1702,TRAVEL
1703,STYLE & BEAUTY
1704,STYLE & BEAUTY
1705,TRAVEL
1706,TRAVEL
1707,BUSINESS
1708,STYLE & BEAUTY
1709,TRAVEL
1710,STYLE & BEAUTY
1711,BUSINESS
1712,STYLE & BEAUTY
1713,BUSINESS
1714,BUSINESS
1715,TRAVEL
1716,TRAVEL
1717,TRAVEL
1718,TRAVEL
1719,TRAVEL
1720,BUSINESS
1721,TRAVEL
1722,STYLE & BEAUTY
1723,TRAVEL
1724,BUSINESS
1725,BUSINESS
1726,TRAVEL
1727,BUSINESS
1728,TRAVEL
1729,STYLE & BEAUTY
1730,BUSINESS
1731,TRAVEL
1732,STYLE & BEAUTY
1733,BUSINESS
1734,TRAVEL
1735,STYLE & BEAUTY
1736,STYLE & BEAUTY
1737,BUSINESS
1738,BUSINESS
1739,BUSINESS
1740,BUSINESS
1741,STYLE & BEAUTY
1742,STYLE & BEAUTY
1743,BUSINESS
1744,TRAVEL
1745,TRAVEL
1746,TRAVEL
1747,STYLE & BEAUTY
1748,TRAVEL
1749,STYLE & BEAUTY
1750,BUSINESS
1751,TRAVEL
1752,STYLE & BEAUTY
1753,STYLE & BEAUTY
1754,TRAVEL
1755,STYLE & BEAUTY
1756,TRAVEL
1757,TRAVEL
1758,BUSINESS
1759,STYLE & BEAUTY
1760,STYLE & BEAUTY
1761,BUSINESS
1762,TRAVEL
1763,STYLE & BEAUTY
1764,TRAVEL
1765,STYLE & BEAUTY
1766,STYLE & BEAUTY
1767,TRAVEL
1768,TRAVEL
1769,TRAVEL
1770,TRAVEL
1771,TRAVEL
1772,STYLE & BEAUTY
1773,STYLE & BEAUTY
1774,STYLE & BEAUTY
1775,BUSINESS
1776,TRAVEL
1777,BUSINESS
1778,BUSINESS
1779,TRAVEL
1780,TRAVEL
1781,TRAVEL
1782,TRAVEL
1783,TRAVEL
1784,BUSINESS
1785,TRAVEL
1786,TRAVEL
1787,STYLE & BEAUTY
1788,STYLE & BEAUTY
1789,STYLE & BEAUTY
1790,STYLE & BEAUTY
1791,TRAVEL
1792,TRAVEL
1793,TRAVEL
1794,BUSINESS
1795,BUSINESS
1796,TRAVEL
1797,BUSINESS
1798,STYLE & BEAUTY
1799,STYLE & BEAUTY
1800,STYLE & BEAUTY
1801,BUSINESS
1802,BUSINESS
1803,STYLE & BEAUTY
1804,TRAVEL
1805,BUSINESS
1806,TRAVEL
1807,BUSINESS
1808,BUSINESS
1809,STYLE & BEAUTY
1810,TRAVEL
1811,STYLE & BEAUTY
1812,STYLE & BEAUTY
1813,TRAVEL
1814,BUSINESS
1815,STYLE & BEAUTY
1816,STYLE & BEAUTY
1817,BUSINESS
1818,TRAVEL
1819,STYLE & BEAUTY
1820,TRAVEL
1821,TRAVEL
1822,STYLE & BEAUTY
1823,TRAVEL
1824,TRAVEL
1825,TRAVEL
1826,STYLE & BEAUTY
1827,TRAVEL
1828,TRAVEL
1829,TRAVEL
1830,STYLE & BEAUTY
1831,STYLE & BEAUTY
1832,TRAVEL
1833,STYLE & BEAUTY
1834,TRAVEL
1835,TRAVEL
1836,TRAVEL
1837,TRAVEL
1838,TRAVEL
1839,STYLE & BEAUTY
1840,BUSINESS
1841,TRAVEL
1842,BUSINESS
1843,BUSINESS
1844,BUSINESS
1845,TRAVEL
1846,TRAVEL
1847,STYLE & BEAUTY
1848,TRAVEL
1849,BUSINESS
1850,TRAVEL
1851,BUSINESS
1852,STYLE & BEAUTY
1853,BUSINESS
1854,BUSINESS
1855,TRAVEL
1856,STYLE & BEAUTY
1857,BUSINESS
1858,STYLE & BEAUTY
1859,STYLE & BEAUTY
1860,BUSINESS
1861,STYLE & BEAUTY
1862,STYLE & BEAUTY
1863,BUSINESS
1864,BUSINESS
1865,STYLE & BEAUTY
1866,TRAVEL
1867,BUSINESS
1868,BUSINESS
1869,TRAVEL
1870,BUSINESS
1871,TRAVEL
1872,BUSINESS
1873,TRAVEL
1874,BUSINESS
1875,STYLE & BEAUTY
1876,STYLE & BEAUTY
1877,STYLE & BEAUTY
1878,TRAVEL
1879,TRAVEL
1880,TRAVEL
1881,TRAVEL
1882,STYLE & BEAUTY
1883,STYLE & BEAUTY
1884,STYLE & BEAUTY
1885,TRAVEL
1886,STYLE & BEAUTY
1887,TRAVEL
1888,TRAVEL
1889,TRAVEL
1890,TRAVEL
1891,TRAVEL
1892,STYLE & BEAUTY
1893,TRAVEL
1894,STYLE & BEAUTY
1895,BUSINESS
1896,TRAVEL
1897,TRAVEL
1898,STYLE & BEAUTY
1899,STYLE & BEAUTY
1900,TRAVEL
1901,STYLE & BEAUTY
1902,TRAVEL
1903,TRAVEL
1904,BUSINESS
1905,STYLE & BEAUTY
1906,STYLE & BEAUTY
1907,BUSINESS
1908,TRAVEL
1909,BUSINESS
1910,TRAVEL
1911,STYLE & BEAUTY
1912,TRAVEL
1913,STYLE & BEAUTY
1914,STYLE & BEAUTY
1915,STYLE & BEAUTY
1916,BUSINESS
1917,STYLE & BEAUTY
1918,TRAVEL
1919,TRAVEL
1920,BUSINESS
1921,TRAVEL
1922,TRAVEL
1923,TRAVEL
1924,TRAVEL
1925,TRAVEL
1926,TRAVEL
1927,STYLE & BEAUTY
1928,STYLE & BEAUTY
1929,STYLE & BEAUTY
1930,TRAVEL
1931,TRAVEL
1932,STYLE & BEAUTY
1933,STYLE & BEAUTY
1934,STYLE & BEAUTY
1935,TRAVEL
1936,STYLE & BEAUTY
1937,BUSINESS
1938,BUSINESS
1939,BUSINESS
1940,STYLE & BEAUTY
1941,TRAVEL
1942,STYLE & BEAUTY
1943,STYLE & BEAUTY
1944,TRAVEL
1945,BUSINESS
1946,TRAVEL
1947,TRAVEL
1948,TRAVEL
1949,TRAVEL
1950,STYLE & BEAUTY
1951,TRAVEL
1952,TRAVEL
1953,TRAVEL
1954,STYLE & BEAUTY
1955,TRAVEL
1956,TRAVEL
1957,TRAVEL
1958,BUSINESS
1959,STYLE & BEAUTY
1960,BUSINESS
1961,TRAVEL
1962,TRAVEL
1963,STYLE & BEAUTY
1964,TRAVEL
1965,BUSINESS
1966,BUSINESS
1967,TRAVEL
1968,TRAVEL
1969,BUSINESS
1970,TRAVEL
1971,STYLE & BEAUTY
1972,TRAVEL
1973,BUSINESS
1974,STYLE & BEAUTY
1975,TRAVEL
1976,TRAVEL
1977,TRAVEL
1978,BUSINESS
1979,TRAVEL
1980,TRAVEL
1981,STYLE & BEAUTY
1982,BUSINESS
1983,STYLE & BEAUTY
1984,BUSINESS
1985,STYLE & BEAUTY
1986,STYLE & BEAUTY
1987,TRAVEL
1988,STYLE & BEAUTY
1989,STYLE & BEAUTY
1990,TRAVEL
1991,TRAVEL
1992,TRAVEL
1993,BUSINESS
1994,BUSINESS
1995,BUSINESS
1996,TRAVEL
1997,STYLE & BEAUTY
1998,STYLE & BEAUTY
1999,TRAVEL
2000,STYLE & BEAUTY
2001,BUSINESS
2002,BUSINESS
2003,TRAVEL
2004,TRAVEL
2005,TRAVEL
2006,TRAVEL
2007,TRAVEL
2008,TRAVEL
2009,BUSINESS
2010,STYLE & BEAUTY
2011,TRAVEL
2012,STYLE & BEAUTY
2013,STYLE & BEAUTY
2014,TRAVEL
2015,TRAVEL
2016,STYLE & BEAUTY
2017,BUSINESS
2018,STYLE & BEAUTY
2019,BUSINESS
2020,STYLE & BEAUTY
2021,BUSINESS
2022,BUSINESS
2023,BUSINESS
2024,TRAVEL
2025,STYLE & BEAUTY
2026,STYLE & BEAUTY
2027,BUSINESS
2028,STYLE & BEAUTY
2029,STYLE & BEAUTY
2030,STYLE & BEAUTY
2031,TRAVEL
2032,TRAVEL
2033,TRAVEL
2034,TRAVEL
2035,BUSINESS
2036,BUSINESS
2037,BUSINESS
2038,STYLE & BEAUTY
2039,BUSINESS
2040,STYLE & BEAUTY
2041,STYLE & BEAUTY
2042,STYLE & BEAUTY
2043,STYLE & BEAUTY
2044,STYLE & BEAUTY
2045,BUSINESS
2046,BUSINESS
2047,BUSINESS
2048,STYLE & BEAUTY
2049,STYLE & BEAUTY
2050,TRAVEL
2051,TRAVEL
2052,STYLE & BEAUTY
2053,STYLE & BEAUTY
2054,TRAVEL
2055,STYLE & BEAUTY
2056,TRAVEL
2057,BUSINESS
2058,TRAVEL
2059,TRAVEL
2060,TRAVEL
2061,STYLE & BEAUTY
2062,TRAVEL
2063,TRAVEL
2064,STYLE & BEAUTY
2065,STYLE & BEAUTY
2066,TRAVEL
2067,TRAVEL
2068,TRAVEL
2069,STYLE & BEAUTY
2070,BUSINESS
2071,TRAVEL
2072,STYLE & BEAUTY
2073,TRAVEL
2074,BUSINESS
2075,TRAVEL
2076,BUSINESS
2077,STYLE & BEAUTY
2078,STYLE & BEAUTY
2079,STYLE & BEAUTY
2080,TRAVEL
2081,STYLE & BEAUTY
2082,TRAVEL
2083,STYLE & BEAUTY
2084,TRAVEL
2085,BUSINESS
2086,TRAVEL
2087,BUSINESS
2088,STYLE & BEAUTY
2089,STYLE & BEAUTY
2090,BUSINESS
2091,TRAVEL
2092,TRAVEL
2093,STYLE & BEAUTY
2094,TRAVEL
2095,BUSINESS
2096,STYLE & BEAUTY
2097,STYLE & BEAUTY
2098,BUSINESS
2099,BUSINESS
2100,STYLE & BEAUTY
2101,TRAVEL
2102,TRAVEL
2103,STYLE & BEAUTY
2104,TRAVEL
2105,STYLE & BEAUTY
2106,BUSINESS
2107,TRAVEL
2108,STYLE & BEAUTY
2109,STYLE & BEAUTY
2110,TRAVEL
2111,STYLE & BEAUTY
2112,STYLE & BEAUTY
2113,TRAVEL
2114,TRAVEL
2115,BUSINESS
2116,TRAVEL
2117,TRAVEL
2118,BUSINESS
2119,STYLE & BEAUTY
2120,TRAVEL
2121,TRAVEL
2122,STYLE & BEAUTY
2123,TRAVEL
2124,STYLE & BEAUTY
2125,BUSINESS
2126,STYLE & BEAUTY
2127,STYLE & BEAUTY
2128,BUSINESS
2129,BUSINESS
2130,TRAVEL
2131,TRAVEL
2132,STYLE & BEAUTY
2133,TRAVEL
2134,TRAVEL
2135,TRAVEL
2136,STYLE & BEAUTY
2137,STYLE & BEAUTY
2138,TRAVEL
2139,TRAVEL
2140,STYLE & BEAUTY
2141,STYLE & BEAUTY
2142,TRAVEL
2143,TRAVEL
2144,BUSINESS
2145,BUSINESS
2146,BUSINESS
2147,STYLE & BEAUTY
2148,STYLE & BEAUTY
2149,STYLE & BEAUTY
2150,TRAVEL
2151,STYLE & BEAUTY
2152,TRAVEL
2153,STYLE & BEAUTY
2154,STYLE & BEAUTY
2155,STYLE & BEAUTY
2156,BUSINESS
2157,TRAVEL
2158,TRAVEL
2159,STYLE & BEAUTY
2160,TRAVEL
2161,BUSINESS
2162,STYLE & BEAUTY
2163,STYLE & BEAUTY
2164,BUSINESS
2165,STYLE & BEAUTY
2166,TRAVEL
2167,STYLE & BEAUTY
2168,BUSINESS
2169,STYLE & BEAUTY
2170,TRAVEL
2171,TRAVEL
2172,TRAVEL
2173,BUSINESS
2174,BUSINESS
2175,TRAVEL
2176,TRAVEL
2177,BUSINESS
2178,BUSINESS
2179,BUSINESS
2180,STYLE & BEAUTY
2181,STYLE & BEAUTY
2182,BUSINESS
2183,BUSINESS
2184,STYLE & BEAUTY
2185,TRAVEL
2186,TRAVEL
2187,STYLE & BEAUTY
2188,TRAVEL
2189,STYLE & BEAUTY
2190,TRAVEL
2191,TRAVEL
2192,TRAVEL
2193,STYLE & BEAUTY
2194,TRAVEL
2195,STYLE & BEAUTY
2196,STYLE & BEAUTY
2197,STYLE & BEAUTY
2198,STYLE & BEAUTY
2199,BUSINESS
2200,STYLE & BEAUTY
2201,BUSINESS
2202,STYLE & BEAUTY
2203,TRAVEL
2204,BUSINESS
2205,BUSINESS
2206,TRAVEL
2207,BUSINESS
2208,STYLE & BEAUTY
2209,BUSINESS
2210,STYLE & BEAUTY
2211,STYLE & BEAUTY
2212,STYLE & BEAUTY
2213,BUSINESS
2214,TRAVEL
2215,TRAVEL
2216,TRAVEL
2217,TRAVEL
2218,BUSINESS
2219,STYLE & BEAUTY
2220,TRAVEL
2221,TRAVEL
2222,TRAVEL
2223,TRAVEL
2224,BUSINESS
2225,TRAVEL
2226,TRAVEL
2227,TRAVEL
2228,STYLE & BEAUTY
2229,BUSINESS
2230,BUSINESS
2231,TRAVEL
2232,BUSINESS
2233,STYLE & BEAUTY
2234,BUSINESS
2235,STYLE & BEAUTY
2236,TRAVEL
2237,STYLE & BEAUTY
2238,BUSINESS
2239,TRAVEL
2240,BUSINESS
2241,STYLE & BEAUTY
2242,STYLE & BEAUTY
2243,TRAVEL
2244,STYLE & BEAUTY
2245,STYLE & BEAUTY
2246,BUSINESS
2247,TRAVEL
2248,BUSINESS
2249,STYLE & BEAUTY
2250,TRAVEL
2251,BUSINESS
2252,TRAVEL
2253,STYLE & BEAUTY
2254,TRAVEL
2255,BUSINESS
2256,TRAVEL
2257,STYLE & BEAUTY
2258,STYLE & BEAUTY
2259,STYLE & BEAUTY
2260,TRAVEL
2261,STYLE & BEAUTY
2262,BUSINESS
2263,STYLE & BEAUTY
2264,TRAVEL
2265,TRAVEL
2266,STYLE & BEAUTY
2267,STYLE & BEAUTY
2268,BUSINESS
2269,TRAVEL
2270,STYLE & BEAUTY
2271,TRAVEL
2272,TRAVEL
2273,STYLE & BEAUTY
2274,TRAVEL
2275,STYLE & BEAUTY
2276,TRAVEL
2277,STYLE & BEAUTY
2278,TRAVEL
2279,STYLE & BEAUTY
2280,BUSINESS
2281,BUSINESS
2282,BUSINESS
2283,STYLE & BEAUTY
2284,TRAVEL
2285,TRAVEL
2286,BUSINESS
2287,TRAVEL
2288,STYLE & BEAUTY
2289,TRAVEL
2290,STYLE & BEAUTY
2291,TRAVEL
2292,STYLE & BEAUTY
2293,TRAVEL
2294,BUSINESS
2295,STYLE & BEAUTY
2296,TRAVEL
2297,STYLE & BEAUTY
2298,STYLE & BEAUTY
2299,TRAVEL
2300,STYLE & BEAUTY
2301,BUSINESS
2302,STYLE & BEAUTY
2303,STYLE & BEAUTY
2304,STYLE & BEAUTY
2305,STYLE & BEAUTY
2306,TRAVEL
2307,TRAVEL
2308,BUSINESS
2309,STYLE & BEAUTY
2310,STYLE & BEAUTY
2311,TRAVEL
2312,BUSINESS
2313,TRAVEL
2314,BUSINESS
2315,BUSINESS
2316,TRAVEL
2317,STYLE & BEAUTY
2318,TRAVEL
2319,BUSINESS
2320,STYLE & BEAUTY
2321,TRAVEL
2322,TRAVEL
2323,TRAVEL
2324,BUSINESS
2325,STYLE & BEAUTY
2326,STYLE & BEAUTY
2327,STYLE & BEAUTY
2328,TRAVEL
2329,TRAVEL
2330,STYLE & BEAUTY
2331,TRAVEL
2332,TRAVEL
2333,STYLE & BEAUTY
2334,TRAVEL
2335,TRAVEL
2336,TRAVEL
2337,TRAVEL
2338,TRAVEL
2339,STYLE & BEAUTY
2340,TRAVEL
2341,STYLE & BEAUTY
2342,STYLE & BEAUTY
2343,STYLE & BEAUTY
2344,STYLE & BEAUTY
2345,TRAVEL
2346,BUSINESS
2347,TRAVEL
2348,STYLE & BEAUTY
2349,TRAVEL
2350,TRAVEL
2351,BUSINESS
2352,TRAVEL
2353,BUSINESS
2354,TRAVEL
2355,TRAVEL
2356,TRAVEL
2357,TRAVEL
2358,TRAVEL
2359,STYLE & BEAUTY
2360,TRAVEL
2361,TRAVEL
2362,STYLE & BEAUTY
2363,STYLE & BEAUTY
2364,STYLE & BEAUTY
2365,BUSINESS
2366,STYLE & BEAUTY
2367,TRAVEL
2368,STYLE & BEAUTY
2369,STYLE & BEAUTY
2370,STYLE & BEAUTY
2371,STYLE & BEAUTY
2372,STYLE & BEAUTY
2373,BUSINESS
2374,BUSINESS
2375,TRAVEL
2376,TRAVEL
2377,TRAVEL
2378,TRAVEL
2379,STYLE & BEAUTY
2380,STYLE & BEAUTY
2381,STYLE & BEAUTY
2382,BUSINESS
2383,BUSINESS
2384,STYLE & BEAUTY
2385,STYLE & BEAUTY
2386,STYLE & BEAUTY
2387,STYLE & BEAUTY
2388,STYLE & BEAUTY
2389,STYLE & BEAUTY
2390,BUSINESS
2391,BUSINESS
2392,TRAVEL
2393,TRAVEL
2394,STYLE & BEAUTY
2395,STYLE & BEAUTY
2396,BUSINESS
2397,STYLE & BEAUTY
2398,STYLE & BEAUTY
2399,STYLE & BEAUTY
2400,STYLE & BEAUTY
2401,STYLE & BEAUTY
2402,TRAVEL
2403,BUSINESS
2404,TRAVEL
2405,TRAVEL
2406,TRAVEL
2407,BUSINESS
2408,TRAVEL
2409,BUSINESS
2410,TRAVEL
2411,TRAVEL
2412,TRAVEL
2413,STYLE & BEAUTY
2414,BUSINESS
2415,BUSINESS
2416,STYLE & BEAUTY
2417,TRAVEL
2418,STYLE & BEAUTY
2419,BUSINESS
2420,TRAVEL
2421,TRAVEL
2422,BUSINESS
2423,TRAVEL
2424,STYLE & BEAUTY
2425,BUSINESS
2426,STYLE & BEAUTY
2427,BUSINESS
2428,TRAVEL
2429,STYLE & BEAUTY
2430,STYLE & BEAUTY
2431,TRAVEL
2432,TRAVEL
2433,TRAVEL
2434,STYLE & BEAUTY
2435,STYLE & BEAUTY
2436,BUSINESS
2437,TRAVEL
2438,TRAVEL
2439,TRAVEL
2440,STYLE & BEAUTY
2441,TRAVEL
2442,TRAVEL
2443,STYLE & BEAUTY
2444,TRAVEL
2445,BUSINESS
2446,STYLE & BEAUTY
2447,STYLE & BEAUTY
2448,STYLE & BEAUTY
2449,STYLE & BEAUTY
2450,BUSINESS
2451,TRAVEL
2452,BUSINESS
2453,STYLE & BEAUTY
2454,TRAVEL
2455,BUSINESS
2456,TRAVEL
2457,TRAVEL
2458,BUSINESS
2459,BUSINESS
2460,STYLE & BEAUTY
2461,STYLE & BEAUTY
2462,BUSINESS
2463,TRAVEL
2464,BUSINESS
2465,TRAVEL
2466,BUSINESS
2467,BUSINESS
2468,TRAVEL
2469,BUSINESS
2470,TRAVEL
2471,TRAVEL
2472,TRAVEL
2473,BUSINESS
2474,BUSINESS
2475,STYLE & BEAUTY
2476,STYLE & BEAUTY
2477,BUSINESS
2478,BUSINESS
2479,STYLE & BEAUTY
2480,TRAVEL
2481,TRAVEL
2482,STYLE & BEAUTY
2483,TRAVEL
2484,STYLE & BEAUTY
2485,STYLE & BEAUTY
2486,STYLE & BEAUTY
2487,STYLE & BEAUTY
2488,TRAVEL
2489,TRAVEL
2490,STYLE & BEAUTY
2491,TRAVEL
2492,STYLE & BEAUTY
2493,TRAVEL
2494,TRAVEL
2495,TRAVEL
2496,STYLE & BEAUTY
2497,BUSINESS
2498,BUSINESS
2499,BUSINESS
2500,STYLE & BEAUTY
2501,BUSINESS
2502,STYLE & BEAUTY
2503,TRAVEL
2504,STYLE & BEAUTY
2505,STYLE & BEAUTY
2506,STYLE & BEAUTY
2507,TRAVEL
2508,STYLE & BEAUTY
2509,BUSINESS
2510,STYLE & BEAUTY
2511,TRAVEL
2512,TRAVEL
2513,BUSINESS
2514,TRAVEL
2515,STYLE & BEAUTY
2516,STYLE & BEAUTY
2517,TRAVEL
2518,BUSINESS
2519,BUSINESS
2520,STYLE & BEAUTY
2521,TRAVEL
2522,TRAVEL
2523,BUSINESS
2524,STYLE & BEAUTY
2525,BUSINESS
2526,STYLE & BEAUTY
2527,BUSINESS
2528,BUSINESS
2529,BUSINESS
2530,BUSINESS
2531,STYLE & BEAUTY
2532,TRAVEL
2533,STYLE & BEAUTY
2534,TRAVEL
2535,TRAVEL
2536,TRAVEL
2537,TRAVEL
2538,STYLE & BEAUTY
2539,BUSINESS
2540,TRAVEL
2541,TRAVEL
2542,STYLE & BEAUTY
2543,BUSINESS
2544,TRAVEL
2545,BUSINESS
2546,BUSINESS
2547,BUSINESS
